﻿Comarca;Marca Turística
Alt Urgell;Pirineus
Alta Ribagorça;Pirineus
Berguedà;Pirineus
Cerdanya;Pirineus
Garrotxa;Pirineus
Pallars Jussà;Pirineus
Pallars Sobirà;Pirineus
Ripollès;Pirineus
Solsonès;Pirineus
Alt Empordà;Costa Brava
Baix Empordà;Costa Brava
Gironès;Costa Brava
Pla de l'Estany;Costa Brava
Selva;Costa Brava
Barcelonès;Barcelona
Alt Camp;Costa Daurada
Baix Camp;Costa Daurada
Baix Penedès;Costa Daurada
Conca de Barberà;Costa Daurada
Priorat;Costa Daurada
Tarragonès;Costa Daurada
Garrigues;Terres de Lleida
Noguera;Terres de Lleida
Pla d'Urgell;Terres de Lleida
Segarra;Terres de Lleida
Segrià;Terres de Lleida
Urgell;Terres de Lleida
Anoia;Paisatges Barcelona
Bages;Paisatges Barcelona
Osona;Paisatges Barcelona
Moianès;Paisatges Barcelona
Baix Ebre;Terres de l'Ebre
Montsià;Terres de l'Ebre
Ribera d'Ebre;Terres de l'Ebre
Terra Alta;Terres de l'Ebre
Val d'Aran;Val d'Aran
Alt Penedès;Costa Barcelona
Baix Llobregat;Costa Barcelona
Garraf;Costa Barcelona
Maresme;Costa Barcelona
Vallès Occidental;Costa Barcelona
Vallès Oriental;Costa Barcelona